{
    "normalizer": "none",
    "iterations": 300,
    "depth": 6,
    "learning_rate": 0.05143828405076928,
    "l2_leaf_reg": 2.6636900997297435
}